Country,Weight
Nicaragua,0.44917227680158195
Austria,0.3741713813515394
Mexico,0.15283250748548502
Turkey,0.023823834361393684
