Country,Weight
Austria,0.31995296297398457
Nicaragua,0.3049480131770881
Mexico,0.19103890929741166
Ecuador,0.18406011455151572
