Country,Weight
Mexico,0.4585548947848774
France,0.27312399875682525
Uruguay,0.21033915322266838
Switzerland,0.057981953235628936
