Country,p_value_less
1,0.96875
2,0.9375
3,1
4,1
5,1
6,0.96875
7,0.9375
8,0.9375
9,0.84375
10,0.65625
11,0.5625
12,0.53125
13,0.53125
14,0.71875
15,0.6875
16,0.6875
