Country,Weight
Albania,0.31114817698998154
Austria,0.2953904529948919
France,0.24852921945007136
Portugal,0.0788567790956183
Switzerland,0.06607537146943697
