Country,p_value_less
1,0.818181818181818
2,0.954545454545455
3,1
4,1
5,1
6,1
7,1
8,1
9,1
10,1
11,1
12,1
13,1
14,1
15,1
16,1
17,1
18,1
19,0.954545454545455
20,0.954545454545455
21,0.954545454545455
22,0.954545454545455
23,0.954545454545455
24,0.954545454545455
25,0.954545454545455
26,0.954545454545455
27,0.954545454545455
28,0.954545454545455
29,0.954545454545455
30,1
31,1
32,1
33,0.954545454545455
34,0.954545454545455
35,0.954545454545455
36,0.954545454545455
