Country,Weight
France,0.39164761821947597
Mexico,0.22288969888416318
Nicaragua,0.1934324014866633
Italy,0.1040572405286079
Switzerland,0.057261079586849624
Argentina,0.030711961294239976
