Country,Weight
Argentina,0.5727610948262065
Italy,0.37648296893009314
Austria,0.034398091279298264
Ecuador,0.014416667572021188
Uruguay,0.00194117739238084
