Country,p_value_less
1,0.0833333333333333
2,0.208333333333333
3,0.625
4,0.75
5,0.625
6,0.916666666666667
7,1
8,0.875
9,0.833333333333333
10,0.916666666666667
11,0.708333333333333
12,0.666666666666667
13,0.791666666666667
14,0.666666666666667
15,0.666666666666667
16,0.833333333333333
