Country,p_value_less
1,0.703703703703704
2,0.925925925925926
3,1
4,1
5,1
6,1
7,1
8,1
9,1
10,1
11,0.962962962962963
12,1
13,1
14,1
15,1
16,1
