Country,Weight
Mexico,0.5341448448043268
Switzerland,0.33205733189688397
Portugal,0.08543048036871836
Argentina,0.03523585616612478
France,0.013131486763946106
