Country,p_value_less
1,0.896551724137931
2,0.793103448275862
3,0.724137931034483
4,0.724137931034483
5,0.758620689655172
6,0.758620689655172
7,0.793103448275862
8,0.827586206896552
9,0.896551724137931
10,0.931034482758621
11,0.931034482758621
12,0.931034482758621
13,0.931034482758621
14,0.931034482758621
15,0.931034482758621
16,0.931034482758621
