Country,Weight
Mexico,0.32784309427155534
France,0.29595351832791433
Ecuador,0.264380650838939
Uruguay,0.11182273656159125
