Country,Weight
Brazil,0.7896661117257707
Switzerland,0.1735935229849274
Colombia,0.023451832070458145
Albania,0.013288533218843747
