Country,Weight
Mexico,0.618809672987146
France,0.3708111849624358
Switzerland,0.010379142050418233
