Country,Weight
France,0.4370871667044868
Mexico,0.26937077243391516
Nicaragua,0.19226018322690958
Switzerland,0.08108589334107272
Portugal,0.020195984293615778
