Country,Weight
Portugal,0.674450569852792
Austria,0.2649647454152074
France,0.05039260605616899
Germany,0.01019207867583165
