Country,Weight
Mexico,0.5248028547112852
Nicaragua,0.2738378071400416
Germany,0.171477571760987
Austria,0.02988176638768616
