Country,Weight
Mexico,0.6389254301893993
France,0.27090293762372697
Switzerland,0.05694245725405203
Panama,0.03322917493282171
