Country,Weight
Mexico,0.5887406273033696
Germany,0.2059512395646136
Ecuador,0.1855701076485299
Uruguay,0.019738025483486885
