Country,p_value_less
1,0.0909090909090909
2,0.318181818181818
3,0.818181818181818
4,0.909090909090909
5,1
6,0.954545454545455
7,0.954545454545455
8,1
9,0.954545454545455
10,0.954545454545455
11,0.954545454545455
12,0.909090909090909
13,0.909090909090909
14,0.954545454545455
15,1
16,0.954545454545455
17,1
