Country,Weight
Nicaragua,0.4292937735415872
Austria,0.22630220003112614
Mexico,0.17340745980385647
Trinidad and Tobago,0.13627564986523008
Germany,0.03472091675820016
