Country,Weight
France,0.4728481675151286
Portugal,0.4337833882797292
Italy,0.09336844420514222
