Country,Weight
Mexico,0.44129655646402954
Chile,0.20983463102365113
France,0.20374358685178107
Switzerland,0.0991620645542061
Uruguay,0.04596316110633215
