Country,Weight
Italy,0.44163552530082867
Ecuador,0.30030066377674375
Mexico,0.146755574094103
Switzerland,0.0991780029973911
Nicaragua,0.012130233830933533
