Country,Weight
Portugal,0.4297049041882734
France,0.32353069777523424
Italy,0.24676439803649236
