Country,Weight
Portugal,0.5808801991326256
Netherlands,0.25057392984629384
Germany,0.16793241343314352
Switzerland,6.134575879370543e-4
