Country,Weight
Mexico,0.5159405391845752
Italy,0.4484299120347063
Ecuador,0.018314837146916063
Switzerland,0.017314711633802517
