Country,Weight
Portugal,0.6745022814720183
Austria,0.2643099031311384
France,0.051318510142602025
Germany,0.009869305254241328
