Country,Weight
France,0.46033520509090076
Brazil,0.22926526588549703
Argentina,0.1470077470128589
Nicaragua,0.10615246813630717
Switzerland,0.05721058245354352
Italy,2.873142089268701e-5
