Country,p_value_less
1,0.653846153846154
2,0.923076923076923
3,1
4,1
5,1
6,1
7,1
8,1
9,1
10,1
11,0.961538461538462
12,0.961538461538462
13,1
14,1
15,1
16,1
