Country,Weight
France,0.3917136755307514
Mexico,0.22351822493460266
Nicaragua,0.1927157980653032
Italy,0.10436349079144895
Switzerland,0.05698814450552027
Argentina,0.030700666172373475
