Country,Weight
Mexico,0.8129236780066138
Panama,0.1298623035663904
Ecuador,0.0572140184269958
