Country,Weight
Mexico,0.5245689712923486
Nicaragua,0.2757466330109371
Germany,0.17173603277201585
Austria,0.02794836292469852
