Country,Weight
Mexico,0.7930642590323016
Switzerland,0.1488474240632309
Cyprus,0.0580883169044675
