Country,Weight
Italy,0.38776319590002745
Panama,0.31244644002100896
Ecuador,0.13177438243824174
Austria,0.10118857212364077
Germany,0.06682740951708108
