Country,Weight
Mexico,0.3685820973550659
Uruguay,0.3290409307024428
Switzerland,0.1617039165900423
France,0.07445857599659575
Ecuador,0.0662144793558532
