Country,Weight
Uruguay,0.476876055767122
France,0.22293538612344085
Colombia,0.18523026603523268
Switzerland,0.08967504547475635
Ecuador,0.02528324659944817
