Country,p_value_less
1,0.103448275862069
2,0.137931034482759
3,0.241379310344828
4,0.310344827586207
5,0.413793103448276
6,0.413793103448276
7,0.620689655172414
8,0.655172413793103
9,0.724137931034483
10,0.724137931034483
