Country,Weight
Mexico,0.4761392768297363
Austria,0.32530467849993167
Ecuador,0.11532999862733323
Uruguay,0.08322604604299884
